Day,Chlorella Before,Chlorella After,Chlorella Change
0,0.055,0.076,0.020999999999999998
2,0.102,0.124,0.022000000000000006
4,0.068,0.185,0.11699999999999999
6,0.091,0.226,0.135
8,0.272,0.42,0.14799999999999996
10,0.359,0.483,0.124
12,0.595,0.866,0.271
17,1.32,1.462,0.1419999999999999
